{
  "/Services/ReliableCommunicationManager.svc/ProcessMessages?cmp=usrt&lng=en-us&-69" : {
    "transaction" : "/Services/ReliableCommunicationManager.svc/ProcessMessages?cmp=usrt&lng=en-us&-69",
    "sampleCount" : 10,
    "errorCount" : 0,
    "errorPct" : 0.0,
    "meanResTime" : 165.60000000000002,
    "medianResTime" : 161.5,
    "minResTime" : 150.0,
    "maxResTime" : 195.0,
    "pct1ResTime" : 193.6,
    "pct2ResTime" : 195.0,
    "pct3ResTime" : 195.0,
    "throughput" : 0.4201504138481576,
    "receivedKBytesPerSec" : 0.38601319272299484,
    "sentKBytesPerSec" : 0.0
  },
  "/Services/ReliableCommunicationManager.svc/ProcessMessages?cmp=USRT&lng=en-us&-36" : {
    "transaction" : "/Services/ReliableCommunicationManager.svc/ProcessMessages?cmp=USRT&lng=en-us&-36",
    "sampleCount" : 10,
    "errorCount" : 0,
    "errorPct" : 0.0,
    "meanResTime" : 159.80000000000004,
    "medianResTime" : 161.5,
    "minResTime" : 152.0,
    "maxResTime" : 171.0,
    "pct1ResTime" : 170.3,
    "pct2ResTime" : 171.0,
    "pct3ResTime" : 171.0,
    "throughput" : 0.39410420115078426,
    "receivedKBytesPerSec" : 0.40411075313312844,
    "sentKBytesPerSec" : 0.0
  },
  "/51c430bd-76e4-4a20-b049-b56e1012c74f/oauth2/authorize-269" : {
    "transaction" : "/51c430bd-76e4-4a20-b049-b56e1012c74f/oauth2/authorize-269",
    "sampleCount" : 10,
    "errorCount" : 0,
    "errorPct" : 0.0,
    "meanResTime" : 941.0,
    "medianResTime" : 850.0,
    "minResTime" : 727.0,
    "maxResTime" : 1280.0,
    "pct1ResTime" : 1273.5,
    "pct2ResTime" : 1280.0,
    "pct3ResTime" : 1280.0,
    "throughput" : 0.375206363499925,
    "receivedKBytesPerSec" : 7.8252511537595675,
    "sentKBytesPerSec" : 0.0
  },
  "/Services/ReliableCommunicationManager.svc/ProcessMessages?cmp=USRT&lng=en-us&-34" : {
    "transaction" : "/Services/ReliableCommunicationManager.svc/ProcessMessages?cmp=USRT&lng=en-us&-34",
    "sampleCount" : 10,
    "errorCount" : 0,
    "errorPct" : 0.0,
    "meanResTime" : 280.6,
    "medianResTime" : 234.0,
    "minResTime" : 206.0,
    "maxResTime" : 620.0,
    "pct1ResTime" : 590.8000000000002,
    "pct2ResTime" : 620.0,
    "pct3ResTime" : 620.0,
    "throughput" : 0.3924030764401193,
    "receivedKBytesPerSec" : 2.707772830501491,
    "sentKBytesPerSec" : 0.0
  },
  "/Services/ReliableCommunicationManager.svc/ProcessMessages?cmp=usrt&lng=en-us&-66" : {
    "transaction" : "/Services/ReliableCommunicationManager.svc/ProcessMessages?cmp=usrt&lng=en-us&-66",
    "sampleCount" : 10,
    "errorCount" : 0,
    "errorPct" : 0.0,
    "meanResTime" : 204.4,
    "medianResTime" : 195.5,
    "minResTime" : 171.0,
    "maxResTime" : 272.0,
    "pct1ResTime" : 270.6,
    "pct2ResTime" : 272.0,
    "pct3ResTime" : 272.0,
    "throughput" : 0.4200621692010418,
    "receivedKBytesPerSec" : 2.463681031042594,
    "sentKBytesPerSec" : 0.0
  },
  "/Services/ReliableCommunicationManager.svc/ProcessMessages?cmp=USRT&lng=en-us&-39" : {
    "transaction" : "/Services/ReliableCommunicationManager.svc/ProcessMessages?cmp=USRT&lng=en-us&-39",
    "sampleCount" : 10,
    "errorCount" : 0,
    "errorPct" : 0.0,
    "meanResTime" : 157.1,
    "medianResTime" : 150.5,
    "minResTime" : 147.0,
    "maxResTime" : 199.0,
    "pct1ResTime" : 196.5,
    "pct2ResTime" : 199.0,
    "pct3ResTime" : 199.0,
    "throughput" : 0.3943217665615142,
    "receivedKBytesPerSec" : 0.32073300719637227,
    "sentKBytesPerSec" : 0.0
  },
  "/Services/TelemetryManager.svc/ProcessEventData-75" : {
    "transaction" : "/Services/TelemetryManager.svc/ProcessEventData-75",
    "sampleCount" : 10,
    "errorCount" : 0,
    "errorPct" : 0.0,
    "meanResTime" : 142.6,
    "medianResTime" : 142.5,
    "minResTime" : 138.0,
    "maxResTime" : 146.0,
    "pct1ResTime" : 145.9,
    "pct2ResTime" : 146.0,
    "pct3ResTime" : 146.0,
    "throughput" : 0.4221903233977877,
    "receivedKBytesPerSec" : 0.1884189236257705,
    "sentKBytesPerSec" : 0.0
  },
  "/51c430bd-76e4-4a20-b049-b56e1012c74f/login-12" : {
    "transaction" : "/51c430bd-76e4-4a20-b049-b56e1012c74f/login-12",
    "sampleCount" : 10,
    "errorCount" : 0,
    "errorPct" : 0.0,
    "meanResTime" : 611.4,
    "medianResTime" : 584.5,
    "minResTime" : 424.0,
    "maxResTime" : 1190.0,
    "pct1ResTime" : 1140.0000000000002,
    "pct2ResTime" : 1190.0,
    "pct3ResTime" : 1190.0,
    "throughput" : 0.38153376573826786,
    "receivedKBytesPerSec" : 5.318558338897367,
    "sentKBytesPerSec" : 0.0
  },
  "/-268-0" : {
    "transaction" : "/-268-0",
    "sampleCount" : 10,
    "errorCount" : 0,
    "errorPct" : 0.0,
    "meanResTime" : 444.1,
    "medianResTime" : 529.0,
    "minResTime" : 137.0,
    "maxResTime" : 756.0,
    "pct1ResTime" : 737.7,
    "pct2ResTime" : 756.0,
    "pct3ResTime" : 756.0,
    "throughput" : 0.3631741420010895,
    "receivedKBytesPerSec" : 0.8482102324314509,
    "sentKBytesPerSec" : 0.0
  },
  "/-268-1" : {
    "transaction" : "/-268-1",
    "sampleCount" : 10,
    "errorCount" : 0,
    "errorPct" : 0.0,
    "meanResTime" : 259.6,
    "medianResTime" : 232.0,
    "minResTime" : 166.0,
    "maxResTime" : 639.0,
    "pct1ResTime" : 598.7000000000002,
    "pct2ResTime" : 639.0,
    "pct3ResTime" : 639.0,
    "throughput" : 0.37023324694557574,
    "receivedKBytesPerSec" : 0.8496563772676786,
    "sentKBytesPerSec" : 0.0
  },
  "/-17" : {
    "transaction" : "/-17",
    "sampleCount" : 10,
    "errorCount" : 0,
    "errorPct" : 0.0,
    "meanResTime" : 1364.8,
    "medianResTime" : 1417.0,
    "minResTime" : 1065.0,
    "maxResTime" : 1645.0,
    "pct1ResTime" : 1626.6000000000001,
    "pct2ResTime" : 1645.0,
    "pct3ResTime" : 1645.0,
    "throughput" : 0.37030179596371043,
    "receivedKBytesPerSec" : 16.269375752175524,
    "sentKBytesPerSec" : 0.0
  },
  "/-268-2" : {
    "transaction" : "/-268-2",
    "sampleCount" : 10,
    "errorCount" : 0,
    "errorPct" : 0.0,
    "meanResTime" : 696.9000000000001,
    "medianResTime" : 586.0,
    "minResTime" : 460.0,
    "maxResTime" : 1144.0,
    "pct1ResTime" : 1138.4,
    "pct2ResTime" : 1144.0,
    "pct3ResTime" : 1144.0,
    "throughput" : 0.3717195747528065,
    "receivedKBytesPerSec" : 6.9329330765370605,
    "sentKBytesPerSec" : 0.0
  },
  "/-18" : {
    "transaction" : "/-18",
    "sampleCount" : 10,
    "errorCount" : 0,
    "errorPct" : 0.0,
    "meanResTime" : 975.7,
    "medianResTime" : 834.0,
    "minResTime" : 433.0,
    "maxResTime" : 2007.0,
    "pct1ResTime" : 1953.8000000000002,
    "pct2ResTime" : 2007.0,
    "pct3ResTime" : 2007.0,
    "throughput" : 0.3733572281959379,
    "receivedKBytesPerSec" : 14.715160520273297,
    "sentKBytesPerSec" : 0.0
  },
  "/Services/TelemetryManager.svc/ProcessEventData-58" : {
    "transaction" : "/Services/TelemetryManager.svc/ProcessEventData-58",
    "sampleCount" : 10,
    "errorCount" : 0,
    "errorPct" : 0.0,
    "meanResTime" : 142.0,
    "medianResTime" : 140.5,
    "minResTime" : 134.0,
    "maxResTime" : 159.0,
    "pct1ResTime" : 157.9,
    "pct2ResTime" : 159.0,
    "pct3ResTime" : 159.0,
    "throughput" : 0.42009746261132586,
    "receivedKBytesPerSec" : 0.187361827318938,
    "sentKBytesPerSec" : 0.0
  },
  "/51c430bd-76e4-4a20-b049-b56e1012c74f/oauth2/authorize-269-1" : {
    "transaction" : "/51c430bd-76e4-4a20-b049-b56e1012c74f/oauth2/authorize-269-1",
    "sampleCount" : 10,
    "errorCount" : 0,
    "errorPct" : 0.0,
    "meanResTime" : 727.5,
    "medianResTime" : 617.0,
    "minResTime" : 503.0,
    "maxResTime" : 1116.0,
    "pct1ResTime" : 1108.9,
    "pct2ResTime" : 1116.0,
    "pct3ResTime" : 1116.0,
    "throughput" : 0.3775294472968892,
    "receivedKBytesPerSec" : 7.037163644858049,
    "sentKBytesPerSec" : 0.0
  },
  "/Services/TelemetryManager.svc/ProcessEventData-79" : {
    "transaction" : "/Services/TelemetryManager.svc/ProcessEventData-79",
    "sampleCount" : 10,
    "errorCount" : 0,
    "errorPct" : 0.0,
    "meanResTime" : 150.0,
    "medianResTime" : 145.0,
    "minResTime" : 137.0,
    "maxResTime" : 206.0,
    "pct1ResTime" : 200.50000000000003,
    "pct2ResTime" : 206.0,
    "pct3ResTime" : 206.0,
    "throughput" : 0.4724781478856603,
    "receivedKBytesPerSec" : 0.2108618296716277,
    "sentKBytesPerSec" : 0.0
  },
  "/51c430bd-76e4-4a20-b049-b56e1012c74f/oauth2/authorize-269-0" : {
    "transaction" : "/51c430bd-76e4-4a20-b049-b56e1012c74f/oauth2/authorize-269-0",
    "sampleCount" : 10,
    "errorCount" : 0,
    "errorPct" : 0.0,
    "meanResTime" : 213.0,
    "medianResTime" : 230.5,
    "minResTime" : 164.0,
    "maxResTime" : 252.0,
    "pct1ResTime" : 250.10000000000002,
    "pct2ResTime" : 252.0,
    "pct3ResTime" : 252.0,
    "throughput" : 0.38402457757296465,
    "receivedKBytesPerSec" : 0.8509294594854071,
    "sentKBytesPerSec" : 0.0
  },
  "/Services/TelemetryManager.svc/ProcessEventData-77" : {
    "transaction" : "/Services/TelemetryManager.svc/ProcessEventData-77",
    "sampleCount" : 10,
    "errorCount" : 0,
    "errorPct" : 0.0,
    "meanResTime" : 145.0,
    "medianResTime" : 142.5,
    "minResTime" : 139.0,
    "maxResTime" : 160.0,
    "pct1ResTime" : 159.4,
    "pct2ResTime" : 160.0,
    "pct3ResTime" : 160.0,
    "throughput" : 0.47281323877068554,
    "receivedKBytesPerSec" : 0.21101137706855794,
    "sentKBytesPerSec" : 0.0
  },
  "/Services/ReliableCommunicationManager.svc/ProcessMessages?cmp=usrt&lng=en-us&-72" : {
    "transaction" : "/Services/ReliableCommunicationManager.svc/ProcessMessages?cmp=usrt&lng=en-us&-72",
    "sampleCount" : 10,
    "errorCount" : 0,
    "errorPct" : 0.0,
    "meanResTime" : 169.60000000000002,
    "medianResTime" : 167.0,
    "minResTime" : 152.0,
    "maxResTime" : 195.0,
    "pct1ResTime" : 194.4,
    "pct2ResTime" : 195.0,
    "pct3ResTime" : 195.0,
    "throughput" : 0.42022103626507545,
    "receivedKBytesPerSec" : 0.6137935585367903,
    "sentKBytesPerSec" : 0.0
  },
  "/Services/ReliableCommunicationManager.svc/ProcessMessages?cmp=usrt&lng=en-us&-71" : {
    "transaction" : "/Services/ReliableCommunicationManager.svc/ProcessMessages?cmp=usrt&lng=en-us&-71",
    "sampleCount" : 10,
    "errorCount" : 0,
    "errorPct" : 0.0,
    "meanResTime" : 163.4,
    "medianResTime" : 162.5,
    "minResTime" : 154.0,
    "maxResTime" : 172.0,
    "pct1ResTime" : 172.0,
    "pct2ResTime" : 172.0,
    "pct3ResTime" : 172.0,
    "throughput" : 0.42043304603741855,
    "receivedKBytesPerSec" : 0.5826528668278327,
    "sentKBytesPerSec" : 0.0
  },
  "/Services/ReliableCommunicationManager.svc/ProcessMessages?cmp=USRT&lng=en-us&-42" : {
    "transaction" : "/Services/ReliableCommunicationManager.svc/ProcessMessages?cmp=USRT&lng=en-us&-42",
    "sampleCount" : 10,
    "errorCount" : 0,
    "errorPct" : 0.0,
    "meanResTime" : 403.79999999999995,
    "medianResTime" : 495.0,
    "minResTime" : 159.0,
    "maxResTime" : 579.0,
    "pct1ResTime" : 578.1,
    "pct2ResTime" : 579.0,
    "pct3ResTime" : 579.0,
    "throughput" : 0.3878975950349108,
    "receivedKBytesPerSec" : 0.593930311772692,
    "sentKBytesPerSec" : 0.0
  },
  "/Services/ReliableCommunicationManager.svc/ProcessMessages?cmp=usrt&lng=en-us&-76" : {
    "transaction" : "/Services/ReliableCommunicationManager.svc/ProcessMessages?cmp=usrt&lng=en-us&-76",
    "sampleCount" : 10,
    "errorCount" : 0,
    "errorPct" : 0.0,
    "meanResTime" : 1210.3000000000002,
    "medianResTime" : 553.5,
    "minResTime" : 400.0,
    "maxResTime" : 2955.0,
    "pct1ResTime" : 2950.2,
    "pct2ResTime" : 2955.0,
    "pct3ResTime" : 2955.0,
    "throughput" : 0.41776329531687345,
    "receivedKBytesPerSec" : 0.36848028157246104,
    "sentKBytesPerSec" : 0.0
  },
  "/kmsi-15" : {
    "transaction" : "/kmsi-15",
    "sampleCount" : 10,
    "errorCount" : 0,
    "errorPct" : 0.0,
    "meanResTime" : 530.6,
    "medianResTime" : 521.0,
    "minResTime" : 438.0,
    "maxResTime" : 675.0,
    "pct1ResTime" : 668.3000000000001,
    "pct2ResTime" : 675.0,
    "pct3ResTime" : 675.0,
    "throughput" : 0.38367096378146104,
    "receivedKBytesPerSec" : 2.0818645929251076,
    "sentKBytesPerSec" : 0.0
  },
  "/Services/ReliableCommunicationManager.svc/ProcessMessages?cmp=usrt&lng=en-us&-74" : {
    "transaction" : "/Services/ReliableCommunicationManager.svc/ProcessMessages?cmp=usrt&lng=en-us&-74",
    "sampleCount" : 10,
    "errorCount" : 0,
    "errorPct" : 0.0,
    "meanResTime" : 170.7,
    "medianResTime" : 163.5,
    "minResTime" : 154.0,
    "maxResTime" : 217.0,
    "pct1ResTime" : 214.3,
    "pct2ResTime" : 217.0,
    "pct3ResTime" : 217.0,
    "throughput" : 0.4208577080089222,
    "receivedKBytesPerSec" : 0.5708293658726484,
    "sentKBytesPerSec" : 0.0
  },
  "/Services/ReliableCommunicationManager.svc/ProcessMessages?cmp=usrt&lng=en-us&-57" : {
    "transaction" : "/Services/ReliableCommunicationManager.svc/ProcessMessages?cmp=usrt&lng=en-us&-57",
    "sampleCount" : 10,
    "errorCount" : 0,
    "errorPct" : 0.0,
    "meanResTime" : 161.2,
    "medianResTime" : 160.0,
    "minResTime" : 151.0,
    "maxResTime" : 177.0,
    "pct1ResTime" : 176.7,
    "pct2ResTime" : 177.0,
    "pct3ResTime" : 177.0,
    "throughput" : 0.4198329065032117,
    "receivedKBytesPerSec" : 0.43127171323313324,
    "sentKBytesPerSec" : 0.0
  },
  "/-17-0" : {
    "transaction" : "/-17-0",
    "sampleCount" : 10,
    "errorCount" : 0,
    "errorPct" : 0.0,
    "meanResTime" : 948.9999999999999,
    "medianResTime" : 1003.5,
    "minResTime" : 694.0,
    "maxResTime" : 1207.0,
    "pct1ResTime" : 1196.8,
    "pct2ResTime" : 1207.0,
    "pct3ResTime" : 1207.0,
    "throughput" : 0.3743775972445809,
    "receivedKBytesPerSec" : 1.693034938789263,
    "sentKBytesPerSec" : 0.0
  },
  "/Services/ReliableCommunicationManager.svc/ProcessMessages?cmp=usrt&lng=en-us&-78" : {
    "transaction" : "/Services/ReliableCommunicationManager.svc/ProcessMessages?cmp=usrt&lng=en-us&-78",
    "sampleCount" : 10,
    "errorCount" : 0,
    "errorPct" : 0.0,
    "meanResTime" : 175.70000000000002,
    "medianResTime" : 160.5,
    "minResTime" : 151.0,
    "maxResTime" : 311.0,
    "pct1ResTime" : 297.90000000000003,
    "pct2ResTime" : 311.0,
    "pct3ResTime" : 311.0,
    "throughput" : 0.4723665564478035,
    "receivedKBytesPerSec" : 0.43407903282947563,
    "sentKBytesPerSec" : 0.0
  },
  "/Services/ReliableCommunicationManager.svc/ProcessMessages?cmp=usrt&lng=en-us&-55" : {
    "transaction" : "/Services/ReliableCommunicationManager.svc/ProcessMessages?cmp=usrt&lng=en-us&-55",
    "sampleCount" : 10,
    "errorCount" : 0,
    "errorPct" : 0.0,
    "meanResTime" : 191.0,
    "medianResTime" : 193.0,
    "minResTime" : 178.0,
    "maxResTime" : 200.0,
    "pct1ResTime" : 199.9,
    "pct2ResTime" : 200.0,
    "pct3ResTime" : 200.0,
    "throughput" : 0.41942790034393085,
    "receivedKBytesPerSec" : 2.7630632130274306,
    "sentKBytesPerSec" : 0.0
  },
  "/Services/ReliableCommunicationManager.svc/ProcessMessages?cmp=USRT&lng=en-us&-49" : {
    "transaction" : "/Services/ReliableCommunicationManager.svc/ProcessMessages?cmp=USRT&lng=en-us&-49",
    "sampleCount" : 10,
    "errorCount" : 0,
    "errorPct" : 0.0,
    "meanResTime" : 170.69999999999996,
    "medianResTime" : 169.5,
    "minResTime" : 163.0,
    "maxResTime" : 184.0,
    "pct1ResTime" : 183.9,
    "pct2ResTime" : 184.0,
    "pct3ResTime" : 184.0,
    "throughput" : 0.39401103230890466,
    "receivedKBytesPerSec" : 0.7757092198581561,
    "sentKBytesPerSec" : 0.0
  },
  "/Services/ReliableCommunicationManager.svc/ProcessMessages?cmp=usrt&lng=en-us&-59" : {
    "transaction" : "/Services/ReliableCommunicationManager.svc/ProcessMessages?cmp=usrt&lng=en-us&-59",
    "sampleCount" : 10,
    "errorCount" : 0,
    "errorPct" : 0.0,
    "meanResTime" : 158.89999999999998,
    "medianResTime" : 156.0,
    "minResTime" : 144.0,
    "maxResTime" : 181.0,
    "pct1ResTime" : 179.8,
    "pct2ResTime" : 181.0,
    "pct3ResTime" : 181.0,
    "throughput" : 0.41992105484168973,
    "receivedKBytesPerSec" : 0.3854744058117074,
    "sentKBytesPerSec" : 0.0
  },
  "/common/GetCredentialType?mkt=en-US-283" : {
    "transaction" : "/common/GetCredentialType?mkt=en-US-283",
    "sampleCount" : 10,
    "errorCount" : 0,
    "errorPct" : 0.0,
    "meanResTime" : 1173.8000000000002,
    "medianResTime" : 1002.0,
    "minResTime" : 731.0,
    "maxResTime" : 2220.0,
    "pct1ResTime" : 2186.6000000000004,
    "pct2ResTime" : 2220.0,
    "pct3ResTime" : 2220.0,
    "throughput" : 0.37947783849423194,
    "receivedKBytesPerSec" : 1.6324958731785064,
    "sentKBytesPerSec" : 0.0
  },
  "/Services/TelemetryManager.svc/ProcessEventData-62" : {
    "transaction" : "/Services/TelemetryManager.svc/ProcessEventData-62",
    "sampleCount" : 10,
    "errorCount" : 0,
    "errorPct" : 0.0,
    "meanResTime" : 150.60000000000002,
    "medianResTime" : 143.0,
    "minResTime" : 131.0,
    "maxResTime" : 240.0,
    "pct1ResTime" : 231.40000000000003,
    "pct2ResTime" : 240.0,
    "pct3ResTime" : 240.0,
    "throughput" : 0.4209462872537464,
    "receivedKBytesPerSec" : 0.18782261586546556,
    "sentKBytesPerSec" : 0.0
  },
  "/-17-1" : {
    "transaction" : "/-17-1",
    "sampleCount" : 10,
    "errorCount" : 0,
    "errorPct" : 0.0,
    "meanResTime" : 414.20000000000005,
    "medianResTime" : 428.0,
    "minResTime" : 293.0,
    "maxResTime" : 516.0,
    "pct1ResTime" : 509.20000000000005,
    "pct2ResTime" : 516.0,
    "pct3ResTime" : 516.0,
    "throughput" : 0.38056094683563574,
    "receivedKBytesPerSec" : 14.999118466244244,
    "sentKBytesPerSec" : 0.0
  },
  "Debug Sampler" : {
    "transaction" : "Debug Sampler",
    "sampleCount" : 10,
    "errorCount" : 0,
    "errorPct" : 0.0,
    "meanResTime" : 3.1,
    "medianResTime" : 2.0,
    "minResTime" : 0.0,
    "maxResTime" : 8.0,
    "pct1ResTime" : 7.9,
    "pct2ResTime" : 8.0,
    "pct3ResTime" : 8.0,
    "throughput" : 0.47544335092473733,
    "receivedKBytesPerSec" : 23.857134473208767,
    "sentKBytesPerSec" : 0.0
  },
  "/Services/TelemetryManager.svc/ProcessEventData-45" : {
    "transaction" : "/Services/TelemetryManager.svc/ProcessEventData-45",
    "sampleCount" : 10,
    "errorCount" : 0,
    "errorPct" : 0.0,
    "meanResTime" : 144.2,
    "medianResTime" : 142.0,
    "minResTime" : 137.0,
    "maxResTime" : 154.0,
    "pct1ResTime" : 153.7,
    "pct2ResTime" : 154.0,
    "pct3ResTime" : 154.0,
    "throughput" : 0.39444619753865573,
    "receivedKBytesPerSec" : 0.17607554384269486,
    "sentKBytesPerSec" : 0.0
  },
  "Total" : {
    "transaction" : "Total",
    "sampleCount" : 470,
    "errorCount" : 0,
    "errorPct" : 0.0,
    "meanResTime" : 458.8617021276596,
    "medianResTime" : 197.0,
    "minResTime" : 0.0,
    "maxResTime" : 2955.0,
    "pct1ResTime" : 1171.1000000000004,
    "pct2ResTime" : 1417.1,
    "pct3ResTime" : 2124.150000000003,
    "throughput" : 10.773392013936643,
    "receivedKBytesPerSec" : 97.83134448207491,
    "sentKBytesPerSec" : 0.06513998246458534
  },
  "/Services/ReliableCommunicationManager.svc/ProcessMessages?-24" : {
    "transaction" : "/Services/ReliableCommunicationManager.svc/ProcessMessages?-24",
    "sampleCount" : 10,
    "errorCount" : 0,
    "errorPct" : 0.0,
    "meanResTime" : 1335.1000000000001,
    "medianResTime" : 1360.5,
    "minResTime" : 799.0,
    "maxResTime" : 1585.0,
    "pct1ResTime" : 1578.5,
    "pct2ResTime" : 1585.0,
    "pct3ResTime" : 1585.0,
    "throughput" : 0.3736362277686444,
    "receivedKBytesPerSec" : 9.317152062939023,
    "sentKBytesPerSec" : 0.0
  },
  "/Services/ReliableCommunicationManager.svc/ProcessMessages?cmp=usrt&lng=en-us&-61" : {
    "transaction" : "/Services/ReliableCommunicationManager.svc/ProcessMessages?cmp=usrt&lng=en-us&-61",
    "sampleCount" : 10,
    "errorCount" : 0,
    "errorPct" : 0.0,
    "meanResTime" : 164.4,
    "medianResTime" : 160.5,
    "minResTime" : 149.0,
    "maxResTime" : 208.0,
    "pct1ResTime" : 203.9,
    "pct2ResTime" : 208.0,
    "pct3ResTime" : 208.0,
    "throughput" : 0.42053913116615504,
    "receivedKBytesPerSec" : 0.5473579629084486,
    "sentKBytesPerSec" : 0.0
  },
  "/Services/ReliableCommunicationManager.svc/ProcessMessages?cmp=usrt&lng=en-us&-60" : {
    "transaction" : "/Services/ReliableCommunicationManager.svc/ProcessMessages?cmp=usrt&lng=en-us&-60",
    "sampleCount" : 10,
    "errorCount" : 0,
    "errorPct" : 0.0,
    "meanResTime" : 173.6,
    "medianResTime" : 161.5,
    "minResTime" : 155.0,
    "maxResTime" : 254.0,
    "pct1ResTime" : 247.3,
    "pct2ResTime" : 254.0,
    "pct3ResTime" : 254.0,
    "throughput" : 0.42018572208916344,
    "receivedKBytesPerSec" : 0.5478007216689778,
    "sentKBytesPerSec" : 0.0
  },
  "/51c430bd-76e4-4a20-b049-b56e1012c74f/oauth2/authorize-7" : {
    "transaction" : "/51c430bd-76e4-4a20-b049-b56e1012c74f/oauth2/authorize-7",
    "sampleCount" : 20,
    "errorCount" : 0,
    "errorPct" : 0.0,
    "meanResTime" : 532.85,
    "medianResTime" : 470.0,
    "minResTime" : 435.0,
    "maxResTime" : 1158.0,
    "pct1ResTime" : 614.6,
    "pct2ResTime" : 1130.8999999999996,
    "pct3ResTime" : 1158.0,
    "throughput" : 0.7571455612341472,
    "receivedKBytesPerSec" : 13.356410006151808,
    "sentKBytesPerSec" : 0.0
  },
  "https://login.live.com/Me.htm?v=3" : {
    "transaction" : "https://login.live.com/Me.htm?v=3",
    "sampleCount" : 10,
    "errorCount" : 0,
    "errorPct" : 0.0,
    "meanResTime" : 745.0,
    "medianResTime" : 748.5,
    "minResTime" : 716.0,
    "maxResTime" : 780.0,
    "pct1ResTime" : 777.4,
    "pct2ResTime" : 780.0,
    "pct3ResTime" : 780.0,
    "throughput" : 0.38321517532094274,
    "receivedKBytesPerSec" : 1.1563817302165167,
    "sentKBytesPerSec" : 0.10890196876796322
  },
  "/Services/ReliableCommunicationManager.svc/ProcessMessages?cmp=USRT&lng=en-us&-53" : {
    "transaction" : "/Services/ReliableCommunicationManager.svc/ProcessMessages?cmp=USRT&lng=en-us&-53",
    "sampleCount" : 10,
    "errorCount" : 0,
    "errorPct" : 0.0,
    "meanResTime" : 171.79999999999998,
    "medianResTime" : 169.0,
    "minResTime" : 158.0,
    "maxResTime" : 196.0,
    "pct1ResTime" : 195.1,
    "pct2ResTime" : 196.0,
    "pct3ResTime" : 196.0,
    "throughput" : 0.4083299305839118,
    "receivedKBytesPerSec" : 0.4693401643527971,
    "sentKBytesPerSec" : 0.0
  },
  "/Services/ReliableCommunicationManager.svc/ProcessMessages?cmp=usrt&lng=en-us&-65" : {
    "transaction" : "/Services/ReliableCommunicationManager.svc/ProcessMessages?cmp=usrt&lng=en-us&-65",
    "sampleCount" : 10,
    "errorCount" : 0,
    "errorPct" : 0.0,
    "meanResTime" : 174.2,
    "medianResTime" : 166.5,
    "minResTime" : 151.0,
    "maxResTime" : 250.0,
    "pct1ResTime" : 244.60000000000002,
    "pct2ResTime" : 250.0,
    "pct3ResTime" : 250.0,
    "throughput" : 0.4205921938088829,
    "receivedKBytesPerSec" : 0.5474681007108008,
    "sentKBytesPerSec" : 0.0
  },
  "/-268" : {
    "transaction" : "/-268",
    "sampleCount" : 10,
    "errorCount" : 0,
    "errorPct" : 0.0,
    "meanResTime" : 1402.3999999999996,
    "medianResTime" : 1310.5,
    "minResTime" : 979.0,
    "maxResTime" : 2489.0,
    "pct1ResTime" : 2386.4000000000005,
    "pct2ResTime" : 2489.0,
    "pct3ResTime" : 2489.0,
    "throughput" : 0.35331943610218,
    "receivedKBytesPerSec" : 8.225787129456242,
    "sentKBytesPerSec" : 0.0
  },
  "/Services/ReliableCommunicationManager.svc/ProcessMessages?cmp=USRT&lng=en-us&-54" : {
    "transaction" : "/Services/ReliableCommunicationManager.svc/ProcessMessages?cmp=USRT&lng=en-us&-54",
    "sampleCount" : 10,
    "errorCount" : 0,
    "errorPct" : 0.0,
    "meanResTime" : 742.8000000000002,
    "medianResTime" : 634.0,
    "minResTime" : 498.0,
    "maxResTime" : 1281.0,
    "pct1ResTime" : 1272.5,
    "pct2ResTime" : 1281.0,
    "pct3ResTime" : 1281.0,
    "throughput" : 0.40089801154586274,
    "receivedKBytesPerSec" : 4.373116092547306,
    "sentKBytesPerSec" : 0.0
  },
  "/Services/ReliableCommunicationManager.svc/ProcessMessages?cmp=USRT&lng=en-us&-51" : {
    "transaction" : "/Services/ReliableCommunicationManager.svc/ProcessMessages?cmp=USRT&lng=en-us&-51",
    "sampleCount" : 10,
    "errorCount" : 0,
    "errorPct" : 0.0,
    "meanResTime" : 1298.5,
    "medianResTime" : 1328.0,
    "minResTime" : 612.0,
    "maxResTime" : 2085.0,
    "pct1ResTime" : 2050.6000000000004,
    "pct2ResTime" : 2085.0,
    "pct3ResTime" : 2085.0,
    "throughput" : 0.3786157807057398,
    "receivedKBytesPerSec" : 7.804994237941088,
    "sentKBytesPerSec" : 0.0
  },
  "/Services/ReliableCommunicationManager.svc/ProcessMessages?cmp=usrt&lng=en-us&-63" : {
    "transaction" : "/Services/ReliableCommunicationManager.svc/ProcessMessages?cmp=usrt&lng=en-us&-63",
    "sampleCount" : 10,
    "errorCount" : 0,
    "errorPct" : 0.0,
    "meanResTime" : 171.1,
    "medianResTime" : 169.5,
    "minResTime" : 162.0,
    "maxResTime" : 183.0,
    "pct1ResTime" : 182.7,
    "pct2ResTime" : 183.0,
    "pct3ResTime" : 183.0,
    "throughput" : 0.42036235234772373,
    "receivedKBytesPerSec" : 0.5642871968136534,
    "sentKBytesPerSec" : 0.0
  }
}